date,country,country_alpha2,capital,lat,lon,temp_min_c,temp_max_c,temp_mean_c_approx,app_temp_min_c,app_temp_max_c,precip_mm,rain_mm,snow_mm,windspeed_10m_max_kmh,windgusts_10m_max_kmh,wind_dir_dom_deg,sunshine_duration_s,daylight_duration_s,shortwave_radiation_MJ_m2
2026-03-10,Afghanistan,AF,Kabul,34.532777777,69.165833333,8.2,17.8,13.0,6.6,17.0,3.8,0.0,0.0,11.2,32.8,9.0,28328.0,42364.27,14.3
2026-03-10,Albania,AL,Tirana,41.328888888,19.817777777,4.6,17.8,11.2,1.8,15.8,0.0,0.0,0.0,13.5,24.8,286.0,37849.0,42042.71,18.02
2026-03-10,Algeria,DZ,Algiers,36.776388888,3.058611111,12.3,17.9,15.1,12.2,18.2,14.2,3.5,0.0,15.3,71.3,327.0,20693.85,42263.73,10.29
2026-03-10,Andorra,AD,Andorra la Vella,42.507222222,1.522222222,3.6,12.1,7.85,0.9,9.3,0.2,0.2,0.0,8.7,26.6,188.0,36625.7,41980.68,17.2
2026-03-10,Angola,AO,Luanda,-8.838333333,13.234444444,26.2,28.3,27.25,30.3,31.9,0.0,0.0,0.0,15.2,22.3,228.0,25040.9,43906.29,16.28
2026-03-10,Antigua and Barbuda,AG,St. John's,17.121111111,-61.844722222,24.3,27.2,25.75,25.0,27.2,2.3,0.0,0.0,27.8,45.7,84.0,35510.2,43026.83,18.15
2026-03-10,Argentina,AR,Buenos Aires,-34.599722222,-58.381944444,18.0,26.4,22.2,18.8,26.7,0.0,0.0,0.0,14.6,32.8,82.0,41341.0,45016.91,23.62
2026-03-10,Armenia,AM,Yerevan,40.181388888,44.514444444,-3.4,6.3,1.45,-7.0,2.9,0.0,0.0,0.0,10.2,19.4,111.0,38306.21,42099.62,19.02
2026-03-10,Aruba,AW,Oranjestad,12.518611111,-70.035833333,26.1,27.2,26.65,25.8,28.7,0.6,0.0,0.0,36.5,50.4,91.0,39920.18,43184.22,22.98
2026-03-10,Australia,AU,Canberra,-35.293055555,149.126944444,11.5,27.1,19.3,11.4,28.9,0.0,0.0,0.0,8.0,15.1,324.0,41812.96,45051.94,23.46
2026-03-10,Austria,AT,Vienna,48.208333333,16.3725,5.4,17.0,11.2,2.6,13.9,0.0,0.0,0.0,10.2,25.9,147.0,36267.29,41649.18,14.12
2026-03-10,Azerbaijan,AZ,Baku,40.366655555,49.835183333,2.7,7.0,4.85,-0.5,3.5,0.0,0.0,0.0,19.3,36.4,163.0,33970.81,42090.25,14.03
2026-03-10,Bahrain,BH,Manama,26.225,50.5775,17.5,19.0,18.25,15.0,18.4,10.6,0.1,0.0,31.0,41.4,0.0,6254.81,42703.1,8.35
2026-03-10,Bangladesh,BD,Dhaka,23.728888888,90.394444444,22.4,30.1,26.25,26.2,35.2,0.0,0.0,0.0,4.4,10.8,210.0,39603.17,42791.59,20.46
2026-03-10,Barbados,BB,Bridgetown,13.0975,-59.616666666,25.5,27.5,26.5,24.5,27.7,0.3,0.0,0.0,35.7,49.0,76.0,37058.17,43163.17,21.98
2026-03-10,Belarus,BY,Minsk,53.902246,27.561837,2.5,12.0,7.25,-1.2,9.0,0.0,0.0,0.0,13.3,25.6,191.0,22878.68,41240.77,12.63
2026-03-10,Belgium,BE,City of Brussels,50.846666666,4.351666666,10.5,14.3,12.4,8.5,13.2,12.2,12.2,0.0,15.8,31.0,211.0,11339.15,41470.75,5.55
2026-03-10,Belize,BZ,Belmopan,17.25,-88.7675,21.7,30.6,26.15,25.7,33.2,0.0,0.0,0.0,17.3,42.5,80.0,38634.69,43022.52,20.07
2026-03-10,Benin,BJ,Porto-Novo,6.483333333,2.616666666,28.7,32.1,30.4,33.9,37.4,0.4,0.0,0.0,20.9,35.3,218.0,38010.42,43384.38,21.55
2026-03-10,Bhutan,BT,Thimphu,27.47135,89.63367,4.0,13.3,8.65,1.2,11.8,1.2,0.0,0.0,10.0,28.8,93.0,30073.81,42645.75,19.44
2026-03-10,Bolivia,BO,La Paz,-16.495833333,-68.133333333,3.4,15.6,9.5,0.7,13.5,0.1,0.0,0.0,14.8,34.6,103.0,39814.16,44188.23,22.3
2026-03-10,Bosnia and Herzegovina,BA,Sarajevo,43.856388888,18.413055555,3.0,14.3,8.65,-0.1,12.7,0.1,0.0,0.0,8.3,15.1,95.0,36046.78,41906.14,14.92
2026-03-10,Botswana,BW,Gaborone,-24.656944444,25.908611111,15.9,27.9,21.9,15.5,29.3,0.5,0.0,0.0,14.9,25.9,109.0,40569.03,44523.35,25.57
2026-03-10,Brazil,BR,Brasília,-15.793888888,-47.882777777,17.4,27.5,22.45,19.5,29.3,0.4,0.0,0.0,11.5,29.9,106.0,40759.48,44159.35,21.94
2026-03-10,Brunei,BN,Bandar Seri Begawan,4.916666666,114.916666666,22.6,30.2,26.4,27.3,36.3,0.1,0.0,0.0,16.8,33.5,358.0,38055.31,43438.35,21.49
2026-03-10,Bulgaria,BG,Sofia,42.697886,23.321726,0.3,12.6,6.45,-3.0,8.0,0.0,0.0,0.0,14.8,42.1,90.0,38564.14,41970.69,16.89
2026-03-10,Burkina Faso,BF,Ouagadougou,12.368611111,-1.5275,26.0,41.0,33.5,23.3,40.4,0.0,0.0,0.0,11.6,26.3,27.0,39338.27,43188.43,24.03
2026-03-10,Burundi,BI,Gitega,-3.428333333,29.925,16.3,24.4,20.35,17.9,27.1,11.8,0.0,0.0,13.0,24.8,88.0,30044.95,43715.14,19.9
2026-03-10,Cambodia,KH,Phnom Penh,11.569583333,104.921027777,23.7,34.1,28.9,26.0,35.3,0.3,0.0,0.0,21.7,41.0,50.0,40099.14,43213.6,22.75
2026-03-10,Cameroon,CM,Yaoundé,3.857777777,11.518055555,22.0,31.1,26.55,24.9,35.5,0.0,0.0,0.0,14.3,32.4,251.0,39600.0,43471.59,22.0
2026-03-10,Canada,CA,Ottawa,45.424722222,-75.695,2.7,11.6,7.15,-0.9,7.8,0.0,0.0,0.0,20.3,40.7,322.0,36132.35,41817.82,15.36
2026-03-10,Cape Verde,CV,Praia,14.917719444,-23.509155555,19.6,26.6,23.1,18.6,25.5,0.0,0.0,0.0,19.6,51.8,33.0,36627.34,43103.91,17.25
2026-03-10,Central African Republic,CF,Bangui,4.37325,18.562833333,23.2,35.4,29.299999999999997,27.0,41.0,0.0,0.0,0.0,11.0,23.0,173.0,36000.0,43454.96,23.77
2026-03-10,Chad,TD,N'Djamena,12.11,15.05,22.7,40.4,31.549999999999997,18.4,38.3,0.0,0.0,0.0,20.0,37.1,54.0,39630.56,43196.83,26.04
2026-03-10,Chile,CL,Santiago,-33.4375,-70.65,14.9,32.0,23.45,14.1,30.9,0.0,0.0,0.0,24.2,43.9,232.0,42034.76,44955.31,25.32
2026-03-10,Colombia,CO,Bogotá,4.60971,-74.08175,13.7,16.6,15.15,13.9,17.1,9.1,0.8,0.0,9.2,20.9,195.0,6552.54,43446.66,12.18
2026-03-10,Comoros,KM,Moroni,-11.703611111,43.253611111,30.6,31.5,31.05,37.5,40.2,0.9,0.0,0.0,13.3,18.4,318.0,40676.7,44009.8,23.02
2026-03-10,Cook Islands,CK,Avarua,-21.207,-159.771,27.4,27.9,27.65,30.3,33.2,1.3,0.0,0.0,20.7,27.7,89.0,41808.4,44378.67,24.28
2026-03-10,Costa Rica,CR,San José,9.932738888,-84.079613888,19.7,29.0,24.35,19.2,29.1,0.0,0.0,0.0,28.7,48.2,59.0,40266.54,43267.95,25.28
2026-03-10,Croatia,HR,Zagreb,45.813055555,15.977222222,6.0,18.3,12.15,4.2,15.1,0.1,0.1,0.0,11.2,38.9,251.0,32400.0,41795.14,13.45
2026-03-10,Cuba,CU,Havana,23.136666666,-82.358888888,23.0,27.9,25.45,26.0,30.4,0.8,0.0,0.0,22.4,40.7,80.0,39314.57,42814.46,20.82
2026-03-10,Cyprus,CY,Nicosia,35.1725,33.365,5.0,17.5,11.25,2.3,14.2,0.0,0.0,0.0,19.6,47.5,39.0,38942.66,42334.07,20.02
2026-03-10,Czech Republic,CZ,Prague,50.0875,14.421388888,6.5,17.2,11.85,4.0,14.3,0.0,0.0,0.0,9.4,21.2,192.0,34349.77,41524.68,11.66
2026-03-10,Democratic Republic of the Congo,CD,Kinshasa,-4.321944444,15.311944444,24.1,30.8,27.450000000000003,29.1,36.1,10.9,0.8,0.0,11.2,21.6,254.0,32400.0,43749.35,18.94
2026-03-10,Denmark,DK,Copenhagen,55.676111111,12.568888888,3.9,12.9,8.4,1.0,11.2,0.0,0.0,0.0,10.1,24.5,238.0,28499.1,41091.27,9.09
2026-03-10,Djibouti,DJ,Djibouti City,11.595,43.148055555,23.7,30.6,27.15,27.7,32.3,0.1,0.0,0.0,22.7,38.9,72.0,39446.12,43217.79,19.37
2026-03-10,Dominica,DM,Roseau,15.3,-61.383333333,25.0,26.4,25.7,25.4,27.6,0.0,0.0,0.0,24.1,32.0,84.0,39243.01,43091.13,21.69
2026-03-10,Dominican Republic,DO,Santo Domingo,18.4625,-69.936111111,21.5,28.1,24.8,23.3,30.8,0.4,0.0,0.0,14.2,34.2,23.0,38804.71,42979.15,19.29
2026-03-10,Ecuador,EC,Quito,-0.22,-78.5125,10.9,13.9,12.4,10.5,13.5,39.6,30.2,0.0,10.1,26.6,282.0,4390.06,43609.38,6.81
2026-03-10,Egypt,EG,Cairo,30.044444444,31.235833333,9.1,21.2,15.149999999999999,7.4,19.2,0.0,0.0,0.0,14.6,38.5,33.0,36830.41,42549.77,21.76
2026-03-10,El Salvador,SV,San Salvador,13.697597222,-89.191155555,19.8,32.8,26.299999999999997,21.4,34.7,0.0,0.0,0.0,12.7,30.6,34.0,40613.07,43142.06,23.72
2026-03-10,Equatorial Guinea,GQ,Malabo,3.752063888,8.7737,28.9,29.4,29.15,33.3,35.8,1.2,0.0,0.0,20.8,27.4,228.0,3579.96,43475.74,11.49
2026-03-10,Eritrea,ER,Asmara,15.333333333,38.916666666,11.8,24.7,18.25,8.1,21.7,0.0,0.0,0.0,28.4,62.3,239.0,39600.71,43086.87,26.67
2026-03-10,Estonia,EE,Tallinn,59.437222222,24.745,0.9,12.2,6.55,-3.2,8.5,0.0,0.0,0.0,20.5,36.7,206.0,29274.45,40727.17,9.51
2026-03-10,Eswatini,SZ,Lobamba,-26.44648,31.206411,11.3,24.3,17.8,10.4,24.2,0.3,0.0,0.0,14.8,32.8,155.0,41918.93,44607.79,23.67
2026-03-10,Ethiopia,ET,Addis Ababa,9.027222222,38.736944444,13.9,23.0,18.45,13.4,21.1,3.1,0.0,0.0,21.4,45.4,106.0,38614.25,43301.28,19.62
2026-03-10,Faroe Islands,FO,Tórshavn,62.00981,-6.77135,6.1,8.1,7.1,-0.6,2.5,9.6,9.6,0.0,47.2,82.8,189.0,3252.22,40428.77,6.58
2026-03-10,Federated States of Micronesia,FM,Palikir,6.917777777,158.185,24.5,26.1,25.3,27.9,31.6,8.1,0.0,0.0,13.0,19.4,123.0,40034.8,43371.93,23.05
2026-03-10,Fiji,FJ,Suva,-18.133333333,178.433333333,25.7,30.1,27.9,31.4,35.6,4.9,0.0,0.0,14.2,24.5,45.0,41173.92,44251.85,20.93
2026-03-10,Finland,FI,Helsinki,60.170833333,24.9375,-0.1,5.3,2.6,-4.8,1.7,0.0,0.0,0.0,21.2,34.2,235.0,15061.04,40647.48,5.43
2026-03-10,France,FR,Paris,48.856666666,2.352222222,10.5,16.7,13.6,9.3,14.0,5.4,4.9,0.0,14.5,30.6,221.0,28379.51,41606.47,10.39
2026-03-10,Gabon,GA,Libreville,0.3901,9.4544,27.8,29.3,28.55,32.1,35.8,17.3,0.0,0.0,16.6,23.0,207.0,23812.61,43584.21,18.02
2026-03-10,Georgia,GE,Tbilisi,41.7225,44.7925,1.3,9.0,5.15,-2.2,5.3,0.2,0.0,0.0,16.5,29.5,126.0,37804.75,42020.1,16.59
2026-03-10,Germany,DE,Berlin,52.516666666,13.383333333,5.2,16.5,10.85,3.1,13.8,0.0,0.0,0.0,8.8,20.2,210.0,35343.6,41348.7,11.4
2026-03-10,Ghana,GH,Accra,5.55602,-0.1969,26.3,34.2,30.25,32.1,39.8,5.2,0.0,0.0,17.7,32.8,231.0,37689.75,43413.44,20.54
2026-03-10,Gibraltar,GI,Gibraltar,36.14,-5.35,7.7,12.9,10.3,5.4,10.6,2.6,0.2,0.0,12.8,29.5,299.0,39296.96,42289.33,16.21
2026-03-10,Greece,GR,Athens,37.984166666,23.728055555,4.8,17.2,11.0,2.3,15.4,0.0,0.0,0.0,12.5,38.5,68.0,39032.2,42205.64,17.79
2026-03-10,Greenland,GL,Nuuk,64.175,-51.733333333,-9.2,-3.8,-6.5,-13.7,-8.9,1.6,0.0,0.91,13.9,30.2,95.0,27121.57,40128.27,7.07
2026-03-10,Grenada,GD,St. George's,12.0525,-61.753055555,25.5,29.0,27.25,27.3,30.6,0.6,0.0,0.0,28.0,48.6,78.0,37266.43,43196.83,23.01
2026-03-10,Guatemala,GT,Guatemala City,14.641666666,-90.513333333,13.0,24.9,18.95,12.2,24.3,0.0,0.0,0.0,17.1,53.3,25.0,40620.99,43112.41,24.84
2026-03-10,Guinea,GN,Conakry,9.509166666,-13.712222222,26.5,27.5,27.0,29.5,34.5,0.0,0.0,0.0,24.7,32.4,254.0,38402.45,43284.62,23.3
2026-03-10,Guinea-Bissau,GW,Bissau,11.859166666,-15.595555555,21.9,39.0,30.45,24.6,39.8,0.0,0.0,0.0,15.2,32.0,36.0,39372.68,43205.22,24.4
2026-03-10,Guyana,GY,Georgetown,6.805833333,-58.150833333,24.0,28.8,26.4,28.0,32.5,4.5,0.0,0.0,14.8,31.3,56.0,34174.78,43376.08,14.65
2026-03-10,Haiti,HT,Port-au-Prince,18.546944444,-72.340277777,24.6,31.9,28.25,28.5,36.0,0.6,0.0,0.0,17.9,27.0,75.0,37502.37,42974.79,21.33
2026-03-10,Honduras,HN,Tegucigalpa,14.105783333,-87.204705555,17.2,27.0,22.1,18.2,26.4,0.0,0.0,0.0,24.2,58.0,41.0,40019.26,43129.37,24.03
2026-03-10,Hungary,HU,Budapest,47.498333333,19.040833333,6.6,15.4,11.0,3.7,13.1,0.0,0.0,0.0,9.7,21.6,165.0,18226.04,41693.3,12.14
2026-03-10,Iceland,IS,Reykjavík,64.1475,-21.935,2.2,5.0,3.6,-1.6,0.7,1.1,1.1,0.0,20.9,38.9,198.0,0.0,40146.26,3.96
2026-03-10,India,IN,New Delhi,28.613888888,77.208888888,19.7,33.7,26.700000000000003,22.7,37.2,0.0,0.0,0.0,8.3,23.4,353.0,38319.12,42606.82,21.9
2026-03-10,Indonesia,ID,Jakarta,-6.175277777,106.826944444,24.9,31.2,28.049999999999997,30.0,35.6,4.3,0.0,0.0,12.8,32.8,296.0,38501.12,43809.75,19.62
2026-03-10,Iran,IR,Tehran,35.688888888,51.389722222,2.5,9.0,5.75,-0.4,5.3,0.1,0.0,0.0,9.3,24.8,148.0,32714.93,42311.82,11.04
2026-03-10,Iraq,IQ,Baghdad,33.315277777,44.366111111,9.1,21.1,15.100000000000001,6.7,18.2,0.0,0.0,0.0,12.8,32.8,298.0,38765.42,42415.45,21.51
2026-03-10,Ireland,IE,Dublin,53.349722222,-6.260277777,7.4,13.0,10.2,3.4,10.0,0.7,0.7,0.0,27.0,57.6,210.0,0.0,41284.84,3.73
2026-03-10,Israel,IL,Jerusalem,31.778888888,35.225555555,4.3,15.3,9.8,1.1,12.7,0.0,0.0,0.0,16.6,25.6,77.0,39123.46,42481.01,22.89
2026-03-10,Italy,IT,Rome,41.893055555,12.482777777,8.6,18.8,13.7,7.5,18.4,0.5,0.0,0.0,7.4,19.1,305.0,35310.22,42013.58,14.24
2026-03-10,Ivory Coast,CI,Yamoussoukro,6.816111111,-5.274166666,25.5,33.6,29.55,30.4,39.4,15.6,0.0,0.0,14.4,28.1,229.0,38122.25,43371.93,20.06
2026-03-10,Jamaica,JM,Kingston,17.971388888,-76.793055555,21.1,30.2,25.65,24.4,34.2,8.8,0.0,0.0,12.2,29.2,53.0,25973.33,42996.54,17.88
2026-03-10,Japan,JP,Tokyo,35.689444444,139.691666666,1.0,7.5,4.25,-2.4,4.7,2.1,2.1,0.0,8.2,34.2,5.0,21514.75,42311.26,10.27
2026-03-10,Jordan,JO,Amman,31.95,35.933333333,4.5,15.4,9.95,1.4,12.0,0.0,0.0,0.0,16.4,45.0,68.0,38993.82,42473.24,23.07
2026-03-10,Kazakhstan,KZ,Astana,51.133333333,71.433333333,-25.7,-5.4,-15.55,-32.2,-12.7,1.5,0.0,0.77,49.8,84.6,240.0,27418.72,41451.46,11.43
2026-03-10,Kenya,KE,Nairobi,-1.286388888,36.817222222,15.8,23.2,19.5,16.4,23.1,3.8,0.0,0.0,17.4,40.3,66.0,39553.2,43643.06,19.81
2026-03-10,Kingdom of the Netherlands,NL,Amsterdam,52.366666666,4.883333333,8.6,13.1,10.85,6.2,12.1,3.9,3.9,0.0,15.8,31.7,207.0,9872.11,41360.35,5.79
2026-03-10,Kiribati,KI,South Tarawa,1.333333333,172.966666666,27.7,28.5,28.1,32.0,35.2,0.5,0.0,0.0,16.0,22.0,94.0,39947.88,43554.91,25.13
2026-03-10,Kosovo,XK,Prishtina,42.666666666,21.166666666,2.8,14.6,8.7,-0.4,9.7,0.0,0.0,0.0,17.8,37.8,131.0,38183.68,41970.69,17.92
2026-03-10,Kuwait,KW,Kuwait City,29.375,47.98,14.7,21.9,18.299999999999997,10.8,18.9,0.0,0.0,0.0,18.7,29.9,347.0,38057.74,42577.21,21.67
2026-03-10,Kyrgyzstan,KG,Bishkek,42.866666666,74.566666666,-6.5,6.3,-0.10000000000000009,-10.9,2.8,10.4,6.7,2.31,18.9,47.2,324.0,0.0,41960.65,3.22
2026-03-10,Laos,LA,Vientiane,17.98,102.63,19.1,30.1,24.6,20.9,32.7,0.0,0.0,0.0,15.5,36.7,106.0,39416.46,42996.54,22.6
2026-03-10,Latvia,LV,Riga,56.9475,24.106944444,1.3,13.4,7.3500000000000005,-2.2,10.3,0.0,0.0,0.0,14.8,28.8,175.0,35505.74,40976.72,11.39
2026-03-10,Lebanon,LB,Beirut,33.886944444,35.513055555,11.8,17.6,14.700000000000001,9.2,15.0,0.0,0.0,0.0,17.7,29.9,29.0,38572.77,42391.36,20.91
2026-03-10,Lesotho,LS,Maseru,-29.31,27.48,11.3,24.6,17.950000000000003,10.9,24.2,0.0,0.0,0.0,18.6,32.4,205.0,41576.16,44737.7,26.92
2026-03-10,Liberia,LR,Monrovia,6.310555555,-10.804722222,27.6,28.6,28.1,32.3,34.7,6.1,0.0,0.0,17.1,23.0,256.0,17373.05,43392.68,14.89
2026-03-10,Libya,LY,Tripoli,32.87519,13.18746,15.9,19.2,17.55,15.0,19.4,0.5,0.0,0.0,17.3,38.9,73.0,37287.24,42434.0,16.17
2026-03-10,Liechtenstein,LI,Vaduz,47.140555555,9.522222222,9.1,18.8,13.95,6.3,14.3,0.0,0.0,0.0,20.4,41.8,163.0,36742.21,41714.45,14.95
2026-03-10,Lithuania,LT,Vilnius,54.687222222,25.28,3.5,12.8,8.15,0.2,9.8,0.0,0.0,0.0,16.2,35.3,186.0,23813.78,41176.54,12.21
2026-03-10,Luxembourg,LU,Luxembourg,49.610555555,6.132777777,7.5,11.8,9.65,5.4,10.2,8.4,8.4,0.0,14.0,25.9,193.0,5906.13,41556.51,3.63
2026-03-10,Madagascar,MG,Antananarivo,-18.91,47.525,16.0,24.9,20.45,15.8,24.7,0.0,0.0,0.0,26.9,44.3,111.0,41739.43,44281.73,21.55
2026-03-10,Malawi,MW,Lilongwe,-13.983333333,33.783333333,17.6,25.3,21.450000000000003,18.8,26.7,3.9,0.1,0.0,16.7,30.2,163.0,26034.86,44093.04,14.41
2026-03-10,Malaysia,MY,Kuala Lumpur,3.147777777,101.695277777,25.3,34.8,30.049999999999997,29.9,40.0,0.0,0.0,0.0,13.7,26.3,276.0,40032.46,43496.54,23.3
2026-03-10,Maldives,MV,Malé,4.175,73.508333333,26.6,28.7,27.65,30.6,33.7,0.1,0.0,0.0,20.5,27.4,77.0,40033.71,43463.27,25.21
2026-03-10,Mali,ML,Bamako,12.645833333,-7.992222222,28.2,40.5,34.35,25.2,38.7,0.0,0.0,0.0,17.3,34.2,13.0,39498.64,43180.02,24.57
2026-03-10,Malta,MT,Valletta,35.897777777,14.5125,14.1,17.8,15.95,11.9,15.0,0.0,0.0,0.0,25.1,61.6,82.0,37622.43,42303.42,16.26
2026-03-10,Marshall Islands,MH,Majuro,7.0918,171.3802,27.3,28.2,27.75,31.4,33.0,4.6,0.0,0.0,18.9,24.5,69.0,39424.82,43363.62,22.04
2026-03-10,Mauritania,MR,Nouakchott,18.08581,-15.9785,19.0,21.5,20.25,16.0,22.4,0.0,0.0,0.0,32.1,42.1,352.0,36340.32,42996.54,23.89
2026-03-10,Mauritius,MU,Port Louis,-20.161944444,57.498888888,27.9,31.7,29.799999999999997,30.7,35.0,0.3,0.0,0.0,20.9,30.2,97.0,41308.12,44337.4,23.67
2026-03-10,Mexico,MX,Mexico City,19.353773,-99.13589,12.0,24.8,18.4,11.0,23.9,2.3,0.0,0.0,13.8,33.8,360.0,35396.81,42948.53,22.61
2026-03-10,Moldova,MD,Chișinău,47.022777777,28.835277777,1.0,16.7,8.85,-2.1,12.1,0.0,0.0,0.0,15.3,37.4,186.0,37897.5,41724.28,15.51
2026-03-10,Monaco,MC,Commune of Monaco,43.730555555,7.425277777,11.9,14.8,13.350000000000001,10.8,13.6,6.7,6.0,0.0,12.9,23.4,67.0,20875.37,41913.59,8.88
2026-03-10,Mongolia,MN,Ulaanbaatar,47.921357,106.905515,-9.8,3.5,-3.1500000000000004,-14.3,-0.4,0.0,0.0,0.0,11.0,18.4,116.0,37034.96,41669.84,16.72
2026-03-10,Montenegro,ME,Cetinje,42.389444444,18.924722222,7.3,15.1,11.2,5.5,13.5,0.0,0.0,0.0,8.7,16.9,155.0,37421.67,41987.31,15.87
2026-03-10,Morocco,MA,Rabat,34.025277777,-6.836111111,10.7,13.9,12.3,10.2,12.4,12.2,0.5,0.0,12.8,43.2,299.0,34292.21,42385.96,12.54
2026-03-10,Mozambique,MZ,Maputo,-25.915277777,32.576388888,18.4,28.0,23.2,18.8,28.5,0.0,0.0,0.0,24.5,50.0,182.0,41904.68,44579.29,18.76
2026-03-10,Myanmar,MM,Naypyidaw,19.7475,96.115,18.3,35.8,27.049999999999997,19.9,37.7,0.6,0.0,0.0,12.8,25.2,149.0,39202.36,42935.34,22.85
2026-03-10,Namibia,NA,Windhoek,-22.57,17.083611111,15.0,26.5,20.75,12.4,23.9,0.0,0.0,0.0,35.5,63.7,57.0,41825.36,44436.56,25.33
2026-03-10,Nauru,NR,Yaren District,-0.5477,166.920867,28.0,29.3,28.65,31.8,35.7,1.1,0.0,0.0,20.3,27.4,89.0,41220.48,43617.79,24.83
2026-03-10,Nepal,NP,Kathmandu,27.71,85.32,16.0,26.4,21.2,16.1,26.7,0.0,0.0,0.0,15.4,27.4,279.0,39600.0,42640.92,17.94
2026-03-10,New Zealand,NZ,Wellington,-41.288888888,174.777222222,13.5,15.5,14.5,11.2,14.9,0.0,0.0,0.0,24.9,38.9,143.0,41006.88,45422.79,21.51
2026-03-10,Nicaragua,NI,Managua,12.156383333,-86.272986111,23.5,33.5,28.5,23.7,32.8,0.0,0.0,0.0,34.9,71.3,71.0,40733.55,43196.83,21.8
2026-03-10,Niger,NE,Niamey,13.515,2.1175,24.9,41.7,33.3,23.5,41.7,0.0,0.0,0.0,17.7,31.0,153.0,38597.13,43150.52,24.89
2026-03-10,Nigeria,NG,Abuja,9.055555555,7.491388888,24.8,36.4,30.6,25.8,40.6,0.2,0.0,0.0,11.2,22.0,209.0,39137.55,43301.28,20.6
2026-03-10,Niue,NU,Alofi,-19.056,-169.921,27.5,28.7,28.1,31.3,33.9,1.9,0.0,0.0,22.5,29.9,66.0,38202.07,44286.74,22.83
2026-03-10,North Korea,KP,Pyongyang,39.016666666,125.7475,-3.3,8.4,2.5500000000000003,-6.9,5.6,0.0,0.0,0.0,6.9,19.8,58.0,36000.0,42157.9,18.54
2026-03-10,North Macedonia,MK,Skopje,41.996111111,21.431666666,0.8,16.2,8.5,-2.1,12.2,0.0,0.0,0.0,10.5,26.3,152.0,38280.66,42007.05,17.7
2026-03-10,Norway,NO,Oslo,59.913333333,10.738888888,1.2,2.5,1.85,-1.8,-0.3,0.2,0.2,0.0,14.0,24.5,184.0,0.0,40675.71,1.18
2026-03-10,Oman,OM,Muscat,23.613888888,58.592222222,24.4,26.8,25.6,26.6,30.5,0.0,0.0,0.0,21.6,29.2,311.0,39101.65,42796.18,21.76
2026-03-10,Pakistan,PK,Islamabad,33.698888888,73.036944444,16.9,23.7,20.299999999999997,18.2,25.8,33.2,1.4,0.0,13.0,49.0,38.0,27320.56,42396.73,11.35
2026-03-10,Palau,PW,Ngerulmud,7.500556,134.624167,26.2,27.6,26.9,30.4,31.8,36.5,0.0,0.0,21.2,39.2,334.0,24438.61,43351.16,15.05
2026-03-10,Panama,PA,Panama City,8.971111111,-79.534722222,24.3,33.0,28.65,28.1,36.4,0.5,0.0,0.0,17.2,40.0,334.0,39600.0,43301.28,19.59
2026-03-10,Papua New Guinea,PG,Port Moresby,-9.478888888,147.149444444,28.3,30.2,29.25,34.3,38.1,0.0,0.0,0.0,10.8,15.1,172.0,39943.11,43928.54,24.24
2026-03-10,Paraguay,PY,Asunción,-25.28,-57.634444444,23.5,33.1,28.3,28.3,38.5,0.7,0.0,0.0,7.7,18.7,104.0,41856.94,44551.15,20.54
2026-03-10,People's Republic of China,CN,Beijing,39.90403,116.407526,2.1,12.2,7.1499999999999995,-0.9,8.8,0.0,0.0,0.0,7.9,22.3,23.0,28500.89,42115.13,15.64
2026-03-10,Peru,PE,Lima,-12.06,-77.0375,21.8,24.5,23.15,25.2,30.0,0.0,0.0,0.0,14.1,22.0,189.0,36220.33,44018.94,23.35
2026-03-10,Philippines,PH,Manila,14.595833333,120.977222222,24.8,29.2,27.0,27.8,31.1,0.0,0.0,0.0,21.9,28.4,66.0,40026.69,43112.41,22.08
2026-03-10,Poland,PL,Warsaw,52.23,21.011111111,2.3,15.1,8.7,-1.3,11.3,2.6,2.6,0.0,18.4,34.2,169.0,21600.0,41370.55,12.87
2026-03-10,Portugal,PT,Lisbon,38.708042,-9.139016,9.8,14.9,12.350000000000001,7.3,11.7,0.8,0.0,0.0,21.3,52.2,346.0,29624.7,42169.95,13.47
2026-03-10,Qatar,QA,Doha,25.286205555,51.529436111,18.7,21.8,20.25,19.0,21.9,12.3,0.0,0.0,23.5,38.9,10.0,4124.42,42736.02,8.11
2026-03-10,Republic of the Congo,CG,Brazzaville,-4.269444444,15.271111111,23.2,29.7,26.45,27.6,35.1,10.9,0.6,0.0,12.6,23.4,268.0,31215.75,43745.06,19.1
2026-03-10,Romania,RO,Bucharest,44.413361111,26.097777777,0.4,13.9,7.15,-2.5,10.5,0.0,0.0,0.0,11.2,29.2,84.0,38470.59,41874.74,16.36
2026-03-10,Russia,RU,Moscow,55.750555555,37.6175,2.1,9.2,5.6499999999999995,-1.5,5.5,0.0,0.0,0.0,11.7,31.7,263.0,35179.43,41085.0,10.52
2026-03-10,Rwanda,RW,Kigali,-1.953611111,30.060555555,16.0,22.5,19.25,17.5,25.2,9.4,0.0,0.0,8.8,23.8,79.0,25088.0,43668.41,18.72
2026-03-10,Saint Kitts and Nevis,KN,Basseterre,17.298333333,-62.734166666,24.8,26.3,25.55,24.2,26.8,0.2,0.0,0.0,33.7,46.1,84.0,36740.53,43022.52,20.16
2026-03-10,Saint Lucia,LC,Castries,14.016666666,-60.983333333,24.8,27.9,26.35,25.6,29.3,1.0,0.0,0.0,30.1,52.6,79.0,36150.13,43133.6,20.87
2026-03-10,Saint Vincent and the Grenadines,VC,Kingstown,13.15527,-61.22742,25.2,26.7,25.95,25.0,27.1,0.1,0.0,0.0,32.7,45.7,82.0,33078.55,43163.17,22.13
2026-03-10,Samoa,WS,Apia,-13.833333333,-171.833333333,26.3,29.9,28.1,32.1,34.9,0.3,0.0,0.0,15.8,36.4,56.0,38542.97,44088.35,19.97
2026-03-10,San Marino,SM,San Marino,43.932011111,12.44845,6.4,11.9,9.15,4.4,11.2,0.1,0.0,0.0,8.8,21.6,146.0,36000.0,41902.54,15.6
2026-03-10,Saudi Arabia,SA,Riyadh,24.65,46.71,11.9,17.2,14.55,8.2,14.5,3.2,0.0,0.0,18.2,32.0,65.0,29773.57,42759.3,14.84
2026-03-10,Senegal,SN,Dakar,14.672555555,-17.432,19.5,23.1,21.3,18.3,23.5,0.0,0.0,0.0,20.7,37.8,11.0,39496.99,43108.16,22.77
2026-03-10,Serbia,RS,Belgrade,44.817777777,20.456944444,7.2,17.7,12.45,1.1,12.9,0.0,0.0,0.0,29.9,57.2,129.0,25200.0,41853.6,16.53
2026-03-10,Seychelles,SC,Victoria,-4.623611111,55.454444444,26.9,28.7,27.799999999999997,29.4,34.5,1.4,0.0,0.0,22.0,32.0,5.0,39640.47,43757.94,25.09
2026-03-10,Sierra Leone,SL,Freetown,8.487222222,-13.235555555,26.8,30.2,28.5,31.8,36.7,0.4,0.0,0.0,14.4,31.7,262.0,33608.4,43317.91,20.15
2026-03-10,Singapore,SG,Singapore,1.3,103.8,25.6,31.7,28.65,29.5,37.0,0.0,0.0,0.0,18.0,28.4,38.0,40228.64,43559.09,24.95
2026-03-10,Sint Maarten,SX,Philipsburg,18.024166666,-63.043333333,24.6,26.6,25.6,25.4,27.7,0.5,0.0,0.0,24.6,33.8,81.0,35973.59,42996.54,20.52
2026-03-10,Slovakia,SK,Bratislava,48.144722222,17.112777777,4.1,17.0,10.55,-0.0,13.7,0.0,0.0,0.0,14.6,30.6,92.0,36169.18,41653.01,14.19
2026-03-10,Slovenia,SI,Ljubljana,46.051388888,14.506111111,3.4,16.3,9.85,1.4,12.4,0.0,0.0,0.0,16.7,37.4,244.0,37438.94,41780.96,14.22
2026-03-10,Solomon Islands,SB,Honiara,-9.433333,159.95,24.1,30.8,27.450000000000003,29.8,38.3,1.7,0.0,0.0,8.3,19.8,71.0,31345.91,43924.09,19.13
2026-03-10,Somalia,SO,Mogadishu,2.039166666,45.341944444,25.8,31.5,28.65,29.6,35.3,0.0,0.0,0.0,20.3,37.4,101.0,40393.06,43529.87,26.15
2026-03-10,South Africa,ZA,Bloemfontein,-29.1,26.216666666,12.5,25.7,19.1,11.7,26.9,0.0,0.0,0.0,8.4,18.4,125.0,41375.68,44731.62,26.25
2026-03-10,South Korea,KR,Seoul,37.56,126.99,-1.5,6.9,2.7,-4.8,4.2,0.0,0.0,0.0,7.6,29.5,286.0,36000.0,42226.75,19.09
2026-03-10,South Sudan,SS,Juba,4.853888888,31.5825,25.9,35.7,30.8,28.6,38.6,0.6,0.2,0.0,14.8,27.7,89.0,35296.92,43438.35,20.75
2026-03-10,Spain,ES,Madrid,40.416944444,-3.703333333,4.3,12.5,8.4,2.1,10.6,1.6,1.5,0.0,7.8,25.6,61.0,31405.98,42087.12,10.76
2026-03-10,Sri Lanka,LK,Colombo,6.926666666,79.860555555,27.6,29.1,28.35,31.2,34.9,0.0,0.0,0.0,20.5,27.7,269.0,40936.11,43371.93,25.72
2026-03-10,State of Palestine,PS,East Jerusalem,31.78336,35.23388,5.1,15.5,10.3,2.2,12.7,0.0,0.0,0.0,15.5,39.6,78.0,39120.96,42478.43,22.89
2026-03-10,Sudan,SD,Khartoum,15.60308,32.52654,19.4,32.0,25.7,15.3,30.0,0.0,0.0,0.0,17.7,35.6,359.0,40567.31,43078.33,26.04
2026-03-10,Suriname,SR,Paramaribo,5.866666666,-55.166666666,24.4,30.3,27.35,27.9,32.4,0.0,0.0,0.0,20.2,41.0,50.0,39102.06,43405.14,17.22
2026-03-10,Sweden,SE,Stockholm,59.329444444,18.068611111,0.8,12.2,6.5,-2.3,8.5,0.0,0.0,0.0,12.2,26.3,216.0,35875.7,40739.11,10.44
2026-03-10,Switzerland,CH,Bern,46.94798,7.44743,3.2,13.8,8.5,1.4,11.4,0.5,0.2,0.0,14.3,31.3,263.0,23044.24,41727.95,10.91
2026-03-10,Syria,SY,Damascus,33.513055555,36.291944444,1.8,14.6,8.2,-1.5,11.2,0.0,0.0,0.0,15.1,33.5,62.0,38713.13,42407.45,22.08
2026-03-10,São Tomé and Príncipe,ST,São Tomé,0.333333333,6.733333333,26.2,32.4,29.299999999999997,32.1,38.5,4.1,0.0,0.0,6.5,14.0,190.0,13288.41,43588.39,14.48
2026-03-10,Taiwan,TW,Taipei,25.0375,121.5625,12.8,14.0,13.4,12.1,13.6,1.3,1.1,0.0,8.7,21.6,69.0,0.0,42745.35,1.69
2026-03-10,Tajikistan,TJ,Dushanbe,38.573055555,68.786388888,-0.2,7.9,3.85,-2.6,5.6,28.1,25.0,0.91,13.4,23.8,259.0,0.0,42175.94,2.67
2026-03-10,Tanzania,TZ,Dodoma,-6.1835,35.746,19.2,26.2,22.7,21.3,30.7,2.9,0.0,0.0,11.7,20.5,75.0,37037.83,43809.75,19.34
2026-03-10,Thailand,TH,Bangkok,13.75,100.516666666,25.9,35.0,30.45,29.7,37.8,0.6,0.0,0.0,14.4,37.1,93.0,39618.79,43142.06,21.6
2026-03-10,The Bahamas,BS,Nassau,25.078055555,-77.338611111,21.4,28.0,24.7,23.4,32.6,0.0,0.0,0.0,18.0,27.7,79.0,39854.13,42742.32,21.39
2026-03-10,The Gambia,GM,Banjul,13.453055555,-16.5775,23.1,30.7,26.9,21.7,33.3,0.0,0.0,0.0,17.5,30.6,346.0,39389.23,43150.52,24.24
2026-03-10,Timor-Leste,TL,Dili,-8.553611111,125.578333333,24.9,28.9,26.9,28.5,31.2,0.7,0.0,0.0,17.1,46.1,241.0,20127.85,43897.42,12.13
2026-03-10,Togo,TG,Lomé,6.13,1.215833333,27.6,34.3,30.95,33.3,40.4,2.0,0.0,0.0,18.1,35.6,216.0,38749.73,43396.83,19.35
2026-03-10,Tonga,TO,Nukuʻalofa,-21.1343401,-175.201808,27.0,28.2,27.6,31.6,33.7,5.2,0.0,0.0,16.1,22.3,21.0,40695.47,44373.47,21.61
2026-03-10,Trinidad and Tobago,TT,Port of Spain,10.666666666,-61.516666666,26.4,29.4,27.9,27.4,31.6,0.0,0.0,0.0,21.9,36.0,64.0,38982.05,43242.9,20.61
2026-03-10,Tunisia,TN,Tunis,36.800833333,10.18,13.1,17.9,15.5,13.2,16.8,4.1,0.0,0.0,11.8,31.7,106.0,17683.05,42260.87,11.43
2026-03-10,Turkey,TR,Ankara,39.93576,32.83869,-1.2,11.5,5.15,-5.0,6.1,0.0,0.0,0.0,18.2,39.6,89.0,37895.0,42112.04,19.65
2026-03-10,Turkmenistan,TM,Ashgabat,37.95,58.383333333,0.4,7.0,3.7,-3.5,3.8,0.0,0.0,0.0,13.4,21.6,14.0,21741.15,42208.59,13.98
2026-03-10,Tuvalu,TV,Funafuti,-8.504777777,179.117361111,27.2,27.9,27.549999999999997,31.3,33.1,15.8,0.0,0.0,19.2,24.5,63.0,9206.17,43892.99,12.47
2026-03-10,Uganda,UG,Kampala,0.313611111,32.581111111,18.0,23.5,20.75,20.1,25.1,8.4,0.0,0.0,14.0,24.1,202.0,14559.9,43588.39,14.93
2026-03-10,Ukraine,UA,Kyiv,50.45,30.523611111,2.7,15.5,9.1,-0.3,11.7,0.0,0.0,0.0,10.0,28.8,202.0,36417.65,41499.98,13.85
2026-03-10,United Arab Emirates,AE,Abu Dhabi,24.451111111,54.396944444,22.5,27.8,25.15,21.5,28.4,0.0,0.0,0.0,30.8,51.5,27.0,21836.73,42763.93,14.66
2026-03-10,United Kingdom,GB,London,51.507222222,-0.1275,9.1,13.2,11.149999999999999,6.4,10.0,0.2,0.2,0.0,19.8,42.5,217.0,12572.85,41423.59,8.05
2026-03-10,United States,US,"Washington, D.C.",38.895,-77.036666666,7.6,30.1,18.85,6.2,27.9,0.0,0.0,0.0,15.1,30.6,169.0,38772.41,42163.18,19.1
2026-03-10,Uruguay,UY,Montevideo,-34.905916666,-56.191311111,14.6,25.2,19.9,14.1,25.0,0.0,0.0,0.0,24.5,40.3,89.0,42066.75,45030.85,22.5
2026-03-10,Uzbekistan,UZ,Tashkent,41.311111111,69.279722222,-2.5,2.5,0.0,-6.3,-0.8,10.0,3.1,4.62,9.5,20.2,258.0,0.0,42045.91,4.47
2026-03-10,Vanuatu,VU,Port Vila,-17.73333,168.316667,26.0,30.0,28.0,31.7,36.5,0.8,0.0,0.0,6.9,13.0,323.0,41716.73,44237.04,21.36
2026-03-10,Venezuela,VE,Caracas,10.5,-66.933333333,18.2,26.2,22.2,18.8,28.0,0.0,0.0,0.0,10.2,37.1,92.0,28213.11,43251.25,18.98
2026-03-10,Vietnam,VN,Hanoi,21.0245,105.84117,16.0,23.4,19.7,16.7,25.2,0.0,0.0,0.0,11.9,22.3,90.0,38559.41,42891.04,22.52
2026-03-10,Yemen,YE,Aden,12.8,45.033333333,25.4,30.7,28.049999999999997,27.5,32.2,0.0,0.0,0.0,25.7,39.2,87.0,38968.88,43171.6,20.26
2026-03-10,Zambia,ZM,Lusaka,-15.416666666,28.283333333,17.3,22.9,20.1,18.2,23.4,4.3,0.3,0.0,15.7,37.8,120.0,36016.87,44145.01,14.42
2026-03-10,Zimbabwe,ZW,Harare,-17.829166666,31.052222222,16.0,20.9,18.45,15.2,19.6,0.0,0.0,0.0,19.5,41.8,146.0,37389.03,44241.97,15.25
